"","population_density","age","income","education","has_bike_lane","bike_prop"
"1",2110.9,43.2,0.90965,195,1,0.0606060606060606
"2",4575.3,42.2,0.93611,140,0,0.125
"3",6663.7,41.5,0.84736,235,1,0
"4",4895,40.2,0.45184,100,0,0
"5",6567.9,40.1,0.82517,135,1,0.0571428571428571
"6",6445,41,0.74368,80,1,0
"7",6296.3,43.9,0.61184,165,1,0.0465116279069767
"8",2393.5,37.6,0.80896,75,0,0
"9",3109.6,42.3,0.66688,180,1,0.0454545454545455
"10",6462.3,42.1,0.82176,80,0,0
"11",5068,42,0.6784,130,0,0.0689655172413793
"12",6103.7,43.6,0.72192,165,0,0
"13",5426.3,44.8,0.76032,90,0,0
"14",5767.9,45.5,0.64896,85,0,0.1
"15",6457.7,43.2,0.75072,90,0,0
"16",4396.2,41.7,0.75392,110,1,0.105263157894737
"17",4586.3,41.7,0.99072,100,1,0.142857142857143
"18",6812.7,41.4,0.91392,120,1,0
"19",6498.5,42.5,0.79104,175,1,0.114285714285714
"20",7326.6,40.8,0.77568,115,1,0.0588235294117647
"21",7635.2,41.1,0.78592,220,1,0.09375
"22",5548.6,43.8,0.82944,140,1,0.192307692307692
"23",8305.9,44.8,0.69035,170,0,0.241379310344828
"24",8419.2,38.8,0.92416,195,0,0.3
"25",7400.5,37.3,0.68608,280,0,0.146341463414634
"26",6066.8,37.6,0.84992,185,0,0.259259259259259
"27",8262.2,38,0.56192,215,0,0.212121212121212
"28",14515.3,40.2,0.71851,250,1,0.125
"29",11480.4,40,0.63104,170,1,0.217391304347826
"30",5607.8,39.8,0.25664,110,1,0.15
"31",14664.3,37.6,0.59776,150,1,0.12
"32",13743.3,53.5,0.24896,170,1,0.0769230769230769
"33",11807.2,39.2,0.62165,190,1,0.0571428571428571
"34",12767.4,40.6,0.51136,205,1,0.162162162162162
"35",18872.7,35.5,0.3776,130,1,0.178571428571429
"36",5622.1,38.7,0.76288,190,0,0.137931034482759
"37",10620.7,39.1,0.45632,335,1,0.181818181818182
"38",6278.8,36.9,1.0112,250,1,0.15625
"39",11753.6,41.4,0.47808,215,1,0.0909090909090909
"40",7287.2,39.5,0.49024,220,1,0
"41",9323.8,36.2,0.71595,165,1,0.0465116279069767
"42",7625,38.7,0.8576,100,0,0.0769230769230769
"43",4938.3,37.2,0.79104,180,1,0.259259259259259
"44",8529.4,35.6,0.86443,190,1,0.2
"45",5348.1,38.7,0.86784,90,0,0.117647058823529
"46",5422,39.8,0.71424,170,1,0.131578947368421
"47",12266,35.5,0.75154,440,1,0.138888888888889
"48",6869.1,40,0.86784,130,1,0
"49",6929,39,0.62336,120,1,0.0769230769230769
"50",11624,39.4,0.62016,355,1,0.0454545454545455
"51",7514,38.8,0.832,140,0,0.147058823529412
"52",7227.3,37.8,0.62336,165,1,0.0571428571428571
"53",6129.6,38.9,0.97152,230,1,0.121951219512195
"54",6422.8,41,0.75392,110,1,0.0769230769230769
"55",6888.9,40.4,0.85589,150,1,0.0909090909090909
"56",7518.7,39.2,0.82432,180,0,0.08
"57",14887.7,37.8,0.85376,325,0,0.108695652173913
"58",7234,38.8,0.87552,100,1,0.0740740740740741
"59",10404.9,39.2,0.77568,165,0,0.0606060606060606
"60",8775.8,38.9,0.704,130,1,0.09375
"61",8740.6,37.8,0.87296,165,1,0.0769230769230769
"62",8485.8,39.2,0.81408,145,1,0.0769230769230769
"63",8055.1,38.3,0.64256,170,1,0.166666666666667
"64",7441.9,41.4,0.65088,105,1,0
"65",5250.9,41.4,0.7808,90,1,0.08
"66",7566.7,41.3,0.75648,130,1,0.0714285714285714
"67",2799.7,40.5,0.6656,235,1,0.0465116279069767
"68",6868.9,42.1,0.77568,155,1,0
"69",5235.2,43.4,0.81664,180,1,0.048780487804878
"70",7701.5,37.1,0.3008,30,1,0
"71",3674.2,42.4,0.77995,80,1,0
"72",7137.7,41.1,0.79189,95,1,0.0625
"73",7820,43.7,0.56704,90,1,0
"74",9432.5,42,0.66944,125,1,0
"75",5246.4,51,0.24288,155,0,0
"76",7651,43.5,0.61056,105,1,0
"77",7687.5,39.2,0.79275,105,1,0
"78",7320.1,41.4,0.6656,95,1,0
"79",7414,39.6,0.73984,145,1,0.048780487804878
"80",6720.6,40.3,0.81152,135,1,0
"81",4117.3,41,0.70912,150,1,0.0714285714285714
"82",6838.8,42.2,0.7168,185,1,0.128205128205128
"83",9538.2,39,0.68864,135,0,0.0740740740740741
"84",7221.4,39.2,0.59584,125,0,0
"85",6621.9,41.2,0.65877,120,0,0
"86",7899.1,41.3,0.70272,140,0,0.0588235294117647
"87",9194.1,41.1,0.70912,165,0,0.0681818181818182
"88",8087.2,39.8,0.6656,55,0,0
"89",6693.5,40.4,0.6064,100,1,0
"90",7593.2,40,0.73984,115,1,0.0740740740740741
"91",9140.8,41.1,0.704,100,0,0.0666666666666667
"92",7540.4,37.1,0.66816,135,1,0
"93",7424.4,40.3,0.76032,155,0,0.075
"94",6816.9,41,0.71936,105,1,0.0769230769230769
"95",4890.6,40.2,0.84224,140,1,0
"96",6457.6,38.8,0.67072,90,0,0.0571428571428571
"97",6400.8,41.2,0.61312,180,0,0.0540540540540541
"98",10275.9,35.7,1.0496,285,0,0.106382978723404
"99",3518.8,43,0.72277,80,1,0.09375
"100",5727.6,43.2,0.5824,240,1,0.108108108108108
"101",4439.4,41.5,0.75776,120,1,0.3
"102",2536,53.5,0.70912,115,1,0.208333333333333
"103",5541.5,41.4,0.82688,170,0,0.0526315789473684
"104",3918.8,55.9,0.43136,100,1,0
"105",5137.1,42.8,0.73472,130,1,0.0769230769230769
"106",6550.5,42.3,0.73984,130,1,0
"107",5763.7,43.2,0.77312,130,1,0.0666666666666667
"108",6626.4,39.2,0.65493,235,1,0
"109",7873,41.3,0.74752,110,0,0
"110",6943.2,43.5,0.75264,65,0,0.0740740740740741
"111",8704.5,42.4,0.60416,90,0,0
"112",7152.1,39.3,0.672,165,1,0
"113",12061.7,38,0.56192,315,0,0.0317460317460317
"114",9285.7,39.9,0.53248,140,1,0.0434782608695652
"115",4941.5,41.6,0.6208,100,1,0
"116",5676.4,42.8,0.71168,115,1,0
"117",5641.2,44.5,0.75264,110,1,0
"118",6116.4,43.7,0.67328,115,1,0
"119",5817.9,40,0.63104,85,1,0
"120",7527.1,39.6,0.71765,195,1,0
"121",7108.8,42.6,0.67072,100,1,0
"122",6057.3,42.7,0.69888,120,1,0
"123",8794.4,48.8,0.58112,115,0,0
"124",6278.4,46.2,0.40064,115,0,0
"125",5215.6,42,0.76288,105,1,0.0952380952380952
"126",4107.1,42.7,0.84736,125,0,0.115384615384615
"127",6239.2,45,0.77824,60,1,0
"128",5083.9,40.3,0.9536,90,1,0
"129",6112.2,42.7,0.77568,175,1,0
"130",4526.2,42.2,0.69376,145,1,0
"131",5425.7,42.5,0.65024,195,1,0
"132",5285.6,39.3,0.76032,135,1,0
"133",6759.7,53.9,0.67243,110,0,0
"134",8113.2,39.4,0.66304,65,1,0.0645161290322581
"135",8443.9,39.8,0.7872,115,1,0
"136",10490.7,37.9,0.74752,75,1,0.0666666666666667
"137",5787.3,38,0.768,125,1,0
"138",7719.8,40.2,0.72448,105,1,0.0571428571428571
"139",8016.7,39.2,0.64192,95,0,0
"140",6706.3,42,0.69547,130,1,0
"141",7798.1,42.4,0.72448,115,1,0
"142",9059.6,39.4,0.73472,30,0,0
"143",8544.5,41.5,0.57088,85,1,0
"144",8054.6,42.7,0.76032,100,0,0
"145",7852,39.9,0.66816,105,1,0.0666666666666667
"146",7707.8,39.1,0.65536,75,0,0
"147",8477.5,43,0.51968,155,1,0
"148",5848.6,39.3,0.75648,290,0,0.0666666666666667
"149",7834.4,39.2,0.71936,115,1,0
"150",7758.6,37.7,0.63744,150,0,0.0512820512820513
"151",2862.3,39.5,0.71424,75,1,0
"152",8346.3,38.5,0.63616,135,1,0.0714285714285714
"153",8457.4,42.1,0.70656,125,1,0
"154",9505.6,40,0.72832,220,1,0
"155",8422.8,42.3,0.80128,90,1,0
"156",7676.2,41.6,0.7424,190,1,0.0967741935483871
"157",3907,43.5,0.72448,195,1,0
"158",9766.3,61.3,0.71552,165,0,0.166666666666667
"159",2629.4,42.4,0.70656,140,1,0
"160",6742.9,45.1,0.27264,185,1,0
"161",4758.7,39.4,0.67328,135,1,0.0714285714285714
"162",5586.4,41.5,0.74176,160,1,0
"163",15932.2,49.1,0.42048,150,1,0.08
"164",8067.2,40.4,0.60288,245,1,0
"165",12817.7,37.4,0.44096,135,1,0
"166",15419.8,41.9,0.43584,125,0,0.0606060606060606
"167",992.3,40.9,0.50816,240,1,0.0526315789473684
"168",17163.3,39.7,0.38848,135,0,0.0810810810810811
"169",20064.3,40.9,0.46016,165,0,0
"170",15957.4,41.6,0.40448,165,0,0.05
"171",17818.7,41.2,0.44928,190,0,0.0444444444444444
"172",15833.3,39.2,0.49728,210,0,0.0666666666666667
"173",12370.9,42.4,0.44032,215,1,0
"174",4640.4,37.8,0.50688,415,1,0
"175",6140.7,40.4,0.6592,215,1,0.0833333333333333
"176",4478,39.7,1.024,135,1,0
"177",3220.1,43.4,1.09376,215,1,0
"178",3668,43.5,0.89088,175,1,0.1
"179",2583.2,45.6,1.24416,135,1,0.133333333333333
"180",2462.4,42.5,1.05728,155,1,0.142857142857143
"181",2709.5,45.4,0.71424,150,0,0
"182",2075,40.5,1.06112,180,0,0
"183",2783.7,43.7,0.88576,150,0,0
"184",3018.9,40.8,0.68096,190,0,0.105263157894737
"185",1847.6,41.4,0.93696,115,0,0
"186",3062.4,42.3,0.77952,175,0,0.166666666666667
"187",2976.5,42.4,0.82432,120,1,0
"188",3174.8,41.3,1.12128,145,1,0.181818181818182
"189",2583.3,42.2,0.90368,125,1,0
"190",6155.7,43.8,0.48128,395,1,0
"191",3855.4,42.8,0.74496,225,1,0
"192",4791.2,42.1,0.78592,325,1,0
"193",5239.3,42.3,0.86784,220,1,0.0869565217391304
"194",5796.8,42,0.6528,160,1,0.111111111111111
"195",6339.4,38.4,0.7296,155,0,0.0666666666666667
"196",6817.1,41,0.59904,110,0,0.111111111111111
"197",8806.9,38.9,0.57216,230,1,0
"198",7206.3,39.4,0.82688,195,1,0.0606060606060606
"199",5587.9,39.9,0.88064,160,1,0.0606060606060606
"200",11785,40.8,0.59136,150,1,0.142857142857143
"201",4358.1,38.8,0.57728,280,1,0.0408163265306122
"202",6356.8,40.3,0.73984,180,1,0.142857142857143
"203",6391.8,40.2,0.76544,170,0,0.0512820512820513
"204",5437,41.4,0.76032,130,1,0
"205",6427,40.4,0.90496,200,1,0.0625
"206",10320,66.4,0.39808,150,1,0
"207",6666.7,40,0.84736,130,1,0.185185185185185
"208",2336.7,48.5,0.31488,40,0,0
"209",5149.3,43.5,0.75328,205,1,0.0952380952380952
"210",4677,43.9,0.82944,170,1,0
"211",3087.6,43.9,0.69376,205,1,0
"212",4672.1,45,0.56448,165,1,0.111111111111111
"213",2200.9,51.8,1.13664,130,1,0
"214",3927.7,54.1,0.36736,310,1,0
"215",1444.5,47,0.7616,185,1,0
"216",3809.8,42.3,0.79616,320,1,0
"217",10478.2,41,0.45824,165,1,0
"218",2713.6,49,1.19296,125,1,0
"219",3092.7,38.9,0.7744,195,1,0
"220",3013,41.5,0.78336,265,1,0
"221",2888.8,42.4,1.22624,220,1,0
"222",2679.7,39.7,1.08544,155,1,0
"223",1734.6,41.3,1.11616,170,1,0
"224",2013.4,39,1.09056,185,1,0
"225",3801.3,39.8,0.7552,245,1,0.117647058823529
"226",6945.1,43.2,0.5056,335,1,0
"227",5663.2,40.6,0.47488,210,1,0.111111111111111
"228",8377.6,46,0.59819,290,1,0.151515151515152
"229",5061.5,42.4,0.73728,160,0,0
"230",3884.8,40.1,1.0112,235,1,0
"231",1949.1,41.4,1.28256,285,1,0.0714285714285714
"232",3085.8,42.8,0.84992,290,1,0
"233",15305.2,45.4,0.48,325,0,0
"234",6821.7,48.8,0.5696,325,0,0
"235",4692.1,47.4,0.71424,240,1,0.136363636363636
"236",11166.7,55.4,0.61056,235,0,0
"237",13247.7,53.6,0.54144,260,1,0
"238",12281.4,47,0.48256,235,1,0
"239",12719,48.8,0.52096,320,1,0
"240",7518.8,49.5,0.42624,240,0,0.0909090909090909
"241",1826.4,42.3,1.36192,265,1,0
"242",2567.8,42.3,1.34656,145,1,0.166666666666667
"243",23793.7,38.9,0.45491,605,1,0
"244",3084.8,50.4,0.62848,185,1,0
"245",3941.3,58.8,0.79616,385,1,0.115384615384615
"246",1994,39,0.88832,165,1,0
"247",3453.2,40.9,0.8704,170,1,0
"248",3490.8,36.8,0.77312,145,1,0
"249",3262,38.5,0.8832,120,1,0.133333333333333
"250",3800.8,39.3,0.85504,215,0,0.230769230769231
"251",5178.1,44.8,0.88064,165,0,0.0689655172413793
"252",6902.4,40.5,0.99968,315,0,0.153846153846154
"253",3915.2,40.1,0.94464,205,1,0.19047619047619
"254",3063.4,37.4,0.57664,240,1,0
"255",6601.8,41.1,0.85248,205,1,0.181818181818182
"256",5993.9,36.8,0.88832,285,0,0.153846153846154
"257",4829.7,39.6,0.95488,190,1,0.105263157894737
"258",5601.2,39.1,0.87296,220,1,0.105263157894737
"259",5487.3,39.1,1.20064,275,1,0
"260",6283.1,36.5,0.76032,320,1,0.2
"261",6519.7,37.3,0.81408,270,1,0.214285714285714
"262",6776.6,38.9,0.8192,230,1,0.0909090909090909
"263",7551,39.9,0.7168,270,0,0.125
"264",6898.6,39.3,0.79104,215,1,0.117647058823529
"265",8849.9,38.8,0.66816,305,1,0.0697674418604651
"266",7217.5,39.2,0.66304,285,0,0.166666666666667
"267",16124,49.7,0.57024,335,0,0.0714285714285714
"268",4476,45.3,0.60288,195,1,0.117647058823529
"269",10082.9,38.8,0.75264,330,1,0.1875
"270",7230,39.9,0.91904,215,1,0.157894736842105
"271",6962.2,43.8,1.1264,235,1,0.148148148148148
"272",10880.8,37.6,0.78464,340,1,0.117647058823529
"273",6901.6,39.4,0.84224,240,0,0.259259259259259
"274",9026.5,38.2,0.95488,415,1,0.219512195121951
"275",9403,39.8,0.82688,445,1,0.137254901960784
"276",7077.6,42.5,0.87168,350,1,0.2
"277",6692.7,36.6,0.896,240,0,0.0740740740740741
"278",12688,36.5,0.68949,410,0,0.0625
"279",8868.7,36.6,0.7232,360,1,0.142857142857143
"280",7168.4,37.8,0.8128,315,1,0.137931034482759
"281",10171.3,41.1,0.84992,315,1,0.0666666666666667
"282",9726,38.6,0.76032,305,1,0.21875
"283",7628.7,41,0.68352,250,1,0.111111111111111
"284",12249.5,37.1,0.56704,280,0,0.129032258064516
"285",16281.3,40,0.57152,295,1,0.0606060606060606
"286",13744.8,40.7,0.59584,330,1,0.0625
"287",11150.9,37.5,0.59904,230,1,0.192307692307692
"288",8123.1,48,0.48768,180,1,0.15
"289",9397.6,41.3,0.59008,270,0,0.125
"290",13760.9,39,0.70272,300,0,0.0967741935483871
"291",14227.4,40.8,0.68437,230,0,0
"292",16301.8,38.8,0.56896,270,0,0.171428571428571
"293",17891.6,40.2,0.67904,330,0,0.238095238095238
"294",16300.6,40.2,0.59904,305,0,0.103448275862069
"295",5626.3,40.6,0.75904,260,1,0.0833333333333333
"296",10164.4,40.5,0.59264,320,1,0.102564102564103
"297",10270.8,39.7,0.60096,260,0,0.0645161290322581
"298",4287.7,39.7,0.68992,680,1,0.157894736842105
"299",23553.7,42.1,0.67584,640,1,0.114754098360656
"300",8289.8,42.6,0.79701,690,1,0.107692307692308
"301",13031.4,41.5,0.69683,415,1,0.125
"302",14757.8,41,0.61568,255,1,0.230769230769231
"303",15730,42.1,0.63616,265,0,0.0606060606060606
"304",20195.5,49.5,0.67584,345,1,0.075
"305",5482.4,49.5,0.6784,255,1,0.217391304347826
"306",11849.2,42.6,0.68096,360,1,0.171428571428571
"307",18681.3,48.3,0.71936,265,1,0.0869565217391304
"308",11909.8,52.1,0.48256,150,1,0.25
"309",19241.6,39.6,0.6112,340,1,0.128205128205128
"310",17338.7,39,0.5824,305,0,0.0869565217391304
"311",17492.9,44,0.62464,290,1,0.0882352941176471
"312",17300.3,41.8,0.5728,315,1,0.0769230769230769
"313",6845.8,39.8,0.64213,265,1,0.0625
"314",15967.3,38.1,0.54144,280,1,0.135135135135135
"315",15861.1,38.8,0.79488,345,1,0.185185185185185
"316",22228,61.9,0.51328,115,0,0.142857142857143
"317",3599.4,38.7,0.75008,350,1,0.105263157894737
"318",13604.7,41.2,0.82944,260,1,0.173913043478261
"319",13564,37.9,0.76032,145,1,0.125
"320",17772.3,34.7,0.78421,350,0,0.159090909090909
"321",10626.4,40.3,0.65152,215,0,0.142857142857143
"322",10477,36.1,0.768,265,0,0.0714285714285714
"323",8038.9,36.8,0.73216,190,0,0.12
"324",5557,39.5,0.6208,195,0,0.148148148148148
"325",1137.1,44,1.34144,205,0,0.1
"326",5455.3,39.3,0.88832,285,0,0.0789473684210526
"327",2933,40.5,0.89088,280,1,0
"328",1787.5,40.9,1.21344,185,1,0
"329",1777.3,42,1.31584,240,1,0
"330",1522.9,39.1,1.70752,150,1,0
"331",1606,42.8,1.31584,195,1,0
"332",1781.1,41.9,1.59744,245,1,0.181818181818182
"333",2792.5,42.8,1.664,175,1,0.166666666666667
"334",1468.8,41.7,1.58208,165,1,0
"335",2033.5,40.9,1.17248,180,1,0.142857142857143
"336",1264.8,55.2,1.25952,295,1,0
"337",6574.7,64.5,0.71424,110,0,0
"338",2770.1,40.9,1.16992,215,1,0.0869565217391304
"339",1389,62.5,0.94464,180,1,0
"340",3802.6,42.8,0.78933,310,1,0.128205128205128
"341",3072.7,45.1,0.99584,175,1,0.181818181818182
"342",4341.6,40.9,1.55392,225,1,0
"343",7297.6,37.3,0.69888,265,0,0.146341463414634
"344",6715.9,37.5,0.81792,245,0,0.103448275862069
"345",5850.1,37.8,1.44896,240,1,0.166666666666667
"346",7139.4,38.5,0.81664,285,1,0.146341463414634
"347",6468.8,39.4,0.6144,200,1,0.136363636363636
"348",5569.5,38.8,1.08288,340,1,0.117647058823529
"349",7295.1,39.1,0.99072,215,1,0.2
"350",7270.9,38.5,0.7296,320,1,0.0645161290322581
"351",6240.4,39,1.03424,260,1,0.153846153846154
"352",8076.1,38.4,0.87296,330,1,0.153846153846154
"353",8585.7,38.9,0.75008,435,1,0.2
"354",7155.4,37.1,0.8512,170,0,0.142857142857143
"355",7705.8,41.1,0.70656,160,1,0.192307692307692
"356",6957.1,40.6,0.99584,225,0,0.208333333333333
"357",4966.7,39.1,0.91392,180,1,0.16
"358",6432.7,40,0.88832,265,1,0.15625
"359",5547,38.7,0.6656,195,1,0.178571428571429
"360",7872.1,35.2,1.21856,225,1,0.222222222222222
"361",5787.3,39.8,0.91648,140,1,0.1
"362",2633.3,37.3,0.9088,195,1,0.227272727272727
"363",1362.6,40.6,0.98816,220,1,0.176470588235294
"364",7875,39.2,0.85248,110,0,0
"365",6877.6,40.6,0.66176,250,0,0.125
"366",7240.5,38.3,0.86528,165,1,0.181818181818182
"367",4190.2,38.8,0.72448,145,1,0.125
"368",4487.6,39.2,0.98176,120,1,0.12
"369",6408.7,40.2,0.74368,140,1,0.233333333333333
"370",15333.3,35.6,1.03168,220,1,0.105263157894737
"371",8003.4,39.4,0.78464,110,0,0.0769230769230769
"372",7180.4,36.3,0.81664,235,1,0.172413793103448
"373",10502.7,36.6,0.68096,240,1,0.310344827586207
"374",15414.6,39.1,0.59008,120,1,0.153846153846154
"375",15131.1,36.3,0.53675,150,1,0.0833333333333333
"376",8544.2,42.5,0.66731,345,1,0.14
"377",11845,40,0.72512,610,1,0.138297872340426
"378",8951.3,36.2,0.7168,210,1,0.19047619047619
"379",14978.2,37,0.68693,495,0,0.231884057971014
"380",10654.6,34.9,0.5312,185,0,0.184210526315789
"381",6685.6,43,0.5664,170,1,0.259259259259259
"382",17132.9,38,0.59584,95,1,0.181818181818182
"383",16819.8,37.4,0.41344,155,1,0.148148148148148
"384",14861.1,39.6,0.352,185,0,0.1
"385",12371.1,41.6,0.47872,125,0,0
"386",18968,37.9,0.47296,170,0,0.153846153846154
"387",15140.8,44,0.35776,155,1,0.12
"388",7374.7,42,0.41728,175,1,0.193548387096774
"389",14828.8,41.8,0.5056,170,1,0
"390",16416.4,37.4,0.47104,155,0,0.153846153846154
"391",9977.7,36.6,0.51424,145,1,0.19047619047619
"392",8236.3,37.8,0.74496,180,1,0.230769230769231
"393",8730.2,35.7,0.59904,180,0,0.135135135135135
"394",8475.2,35.3,0.704,170,1,0.25
"395",6074.2,36.9,0.61824,160,0,0.307692307692308
"396",10440.8,37.4,0.71936,185,0,0.0769230769230769
"397",8576.5,38.6,0.77568,180,0,0
"398",6300.4,41,0.83712,75,0,0
"399",8346.3,38.6,0.87808,260,0,0.1
"400",6352.9,40.5,0.77056,195,0,0.238095238095238
"401",6361.6,40.1,0.9088,140,1,0.142857142857143
"402",8124.3,36.2,0.76544,315,0,0.04
"403",5231.7,39.3,0.55488,195,0,0.181818181818182
"404",5358.8,39.2,0.68864,195,1,0.107142857142857
"405",8351.3,35.1,1.11872,205,1,0.2
"406",8029.3,36.2,0.86272,160,0,0.230769230769231
"407",7155.3,38.3,0.82944,125,0,0.0869565217391304
"408",7835.6,35.3,0.70912,180,0,0.130434782608696
"409",6299.1,37.1,0.58176,170,1,0.0789473684210526
"410",7275.9,41.3,0.44288,235,1,0.153846153846154
"411",6605.9,37.1,0.60928,140,1,0.166666666666667
"412",10726,40.7,0.76544,170,1,0.205882352941176
"413",8270.6,35.6,0.89344,170,1,0.0606060606060606
"414",7682.7,38.8,0.704,125,0,0.136363636363636
"415",4055.3,38.3,0.41856,65,1,0
"416",13073.2,36.6,0.50944,140,1,0.0625
"417",4507.4,42.7,0.66987,255,1,0.194444444444444
"418",924.9,41.8,0.57472,180,1,0.225806451612903
"419",895.7,47.1,0.34624,185,1,0.277777777777778
"420",7537.7,38.9,0.73216,115,1,0.157894736842105
"421",9609.9,38.4,0.6208,105,1,0.272727272727273
"422",10654.2,42,0.416,135,1,0.210526315789474
"423",15096.9,44.7,0.1774,50,1,0.111111111111111
"424",8388.4,41.5,0.5696,55,1,0
"425",14251.3,45.5,0.28832,215,1,0.145454545454545
"426",18278.4,54,0.28032,125,0,0.266666666666667
"427",9735.2,56.2,0.21568,40,0,0.133333333333333
"428",18493.6,60.7,0.13344,15,0,0.333333333333333
"429",18400,53.1,0.17202,20,1,0
"430",9974.6,55.5,0.17771,200,1,0.172413793103448
"431",12335.5,48.9,0.17248,35,0,0.142857142857143
"432",77692.3,36.1,0.74496,570,1,0
"433",59101.8,37.4,0.80512,505,1,0.0461538461538462
"434",34728.9,37.6,0.67533,1120,1,0
"435",28466.3,38.7,0.67456,225,1,0
"436",37764.7,42.7,0.33792,225,0,0
"437",38991.8,37.1,0.48,845,0,0.037593984962406
"438",33099.4,38.7,0.90624,325,1,0
"439",50309.3,39.9,0.98048,185,1,0.0909090909090909
"440",28857.1,44.9,0.76288,300,1,0
"441",28076,46.2,0.96512,610,1,0.0757575757575758
"442",32404.4,39.3,0.48768,255,1,0.0612244897959184
"443",35041,42.2,0.51392,360,1,0.0576923076923077
"444",43991,48.7,0.40021,440,0,0.127272727272727
"445",18375,39.7,0.43221,320,1,0.0923076923076923
"446",25039.4,42.4,0.5088,110,0,0.111111111111111
"447",21423.2,51.9,0.58752,190,1,0.0645161290322581
"448",30970.1,36.5,0.50176,205,1,0.155555555555556
"449",40454.5,40.6,0.5056,255,0,0.128205128205128
"450",30915,42.8,0.54741,185,0,0.111111111111111
"451",27531.6,36.3,0.66816,170,1,0.181818181818182
"452",26098.9,36.3,0.54016,220,1,0.0540540540540541
"453",22727.3,47.4,0.47616,215,0,0.142857142857143
"454",13132.2,47.4,0.62208,160,1,0.0952380952380952
"455",13612.8,48.1,0.63872,275,1,0.0888888888888889
"456",26923.1,45.5,0.56576,265,1,0.170731707317073
"457",15454.5,38,0.50022,335,1,0.188679245283019
"458",24301.1,45.8,0.46421,230,1,0.0588235294117647
"459",24685.7,39,0.5312,140,1,0.0882352941176471
"460",28111.1,33.6,0.3648,215,1,0
"461",24963,39.3,0.52864,350,0,0.0454545454545455
"462",29771,39.7,0.57728,410,1,0.120689655172414
"463",15889.7,38.3,0.75349,1270,1,0.0294117647058824
"464",26928.1,50.2,0.64128,240,1,0
"465",26085.1,55.1,0.57216,240,1,0.0606060606060606
"466",10856.1,52.9,0.59264,280,1,0.194444444444444
"467",28587.6,47.7,0.51008,210,0,0.275862068965517
"468",19442.9,48.1,0.52267,280,1,0.0588235294117647
"469",31676,45.9,0.49152,160,0,0.0740740740740741
"470",1746.3,40.9,0.48896,275,1,0.210526315789474
"471",5437,50.8,1.14432,265,1,0.125
"472",8139.9,41.8,0.84224,240,1,0.0714285714285714
"473",3462,37.9,0.68608,300,1,0.0789473684210526
"474",15588.2,38.3,0.69291,255,1,0.102564102564103
"475",17365.3,41.2,0.66944,295,1,0.115384615384615
"476",21309.5,41,0.6336,220,0,0.185185185185185
"477",15562,43.6,0.68608,325,1,0.31578947368421
"478",12431.4,50.7,0.61184,290,0,0.0967741935483871
"479",11834.7,41.6,0.7168,300,1,0.147058823529412
"480",9054.9,48,0.83072,300,1,0.107142857142857
"481",8872,40.9,0.81152,360,1,0.214285714285714
"482",2725.7,48.5,1.46432,255,1,0.115384615384615
"483",4538.7,54.9,0.82176,90,1,0.117647058823529
"484",631.3,51,0.18464,95,1,0.333333333333333
"485",971.2,40,0.97792,215,1,0.192307692307692
"486",3098.8,40.8,1.00864,200,1,0.272727272727273
"487",5151.5,42.7,0.86835,215,0,0.3
"488",4620.9,39.2,1.04192,265,1,0
"489",5066.8,39.3,1.10848,210,1,0.210526315789474
"490",2476.2,40,1.00608,255,1,0.105263157894737
"491",2759.1,42.3,1.09056,210,0,0.157894736842105
"492",4839.9,40.9,0.85248,280,1,0.16
"493",6344.4,38.5,0.63104,245,1,0.25
"494",5120.1,41.2,0.88832,190,0,0
"495",5397.3,37.9,1.01376,250,1,0.0833333333333333
"496",5233.6,41.8,0.8832,300,1,0
"497",3750.9,39.5,1.01376,215,1,0.0833333333333333
"498",3922.7,41.6,0.79104,190,1,0.1
"499",5000,38.4,1.0112,180,0,0.142857142857143
"500",4397.6,38.7,1.43616,250,1,0.157894736842105
"501",3885.6,41.9,1.00864,150,1,0.142857142857143
"502",2522.8,38.8,0.96512,210,1,0.111111111111111
"503",3301.8,41.9,1.1904,175,0,0.153846153846154
"504",3685.3,41.6,1.02912,300,1,0
"505",3799.8,40.9,1.21856,275,1,0
"506",3720.2,39.1,0.85248,245,1,0
"507",2273.9,41.3,0.78208,210,1,0
"508",2065.5,43.2,1.51296,215,1,0
"509",2683.6,42.5,1.0752,225,1,0.0909090909090909
"510",1146,43.4,1.34656,275,1,0.0769230769230769
"511",2913.8,43.7,1.1904,215,1,0
"512",2637.7,39.7,1.47968,245,1,0.1
"513",3154.8,42.2,1.56928,230,0,0.176470588235294
"514",3959.9,41.4,1.01376,220,0,0.0952380952380952
"515",4249,39.7,1.35168,180,0,0
"516",2740.6,39,0.89344,185,1,0
"517",4206.1,42.4,1.36192,205,0,0.2
"518",1217.2,40.2,1.43872,190,1,0
"519",5182.3,38.5,1.0752,235,0,0.111111111111111
"520",5451.5,38.7,1.0112,220,0,0.16
"521",4472.7,40.7,0.992,305,1,0.263157894736842
"522",6641.1,39.7,0.49536,280,1,0.1
"523",6193.2,43.1,0.48128,215,1,0.111111111111111
"524",6571.4,38.9,0.78336,360,1,0.1
"525",5739.8,39.5,0.9088,265,1,0.121212121212121
"526",5088.7,40,0.9728,200,1,0
"527",4556,39.4,1.23136,230,0,0.136363636363636
"528",3925.7,43.9,1.46944,240,1,0.166666666666667
"529",3027.2,45.6,1.3312,255,1,0.157894736842105
"530",1239,47.4,1.93536,185,1,0
"531",2895.1,47.3,1.57184,235,0,0
"532",659.3,44.1,1.99168,175,1,0
"533",3864.4,40.9,1.4592,185,1,0.375
"534",334.3,41.8,1.664,240,1,0.08
"535",994.5,43.2,2.13504,225,1,0.0952380952380952
"536",3142.7,42.5,1.29792,220,1,0
"537",4603.2,43.6,0.91904,275,1,0.117647058823529
"538",2684.6,40.9,0.91477,175,1,0
"539",3904.5,38.8,1.00352,150,1,0
"540",3954.4,41.8,1.13024,205,1,0
"541",3391.6,38.4,1.408,215,1,0.125
"542",2779.4,42.5,1.22368,245,1,0.0833333333333333
"543",3843,40.6,1.09824,240,1,0.157894736842105
"544",4259.8,42.7,1.3568,230,1,0.105263157894737
"545",3895.8,52.6,0.35883,195,1,0
"546",4621.4,40,0.73472,150,0,0.125
"547",4713.5,40.5,0.77568,120,0,0.166666666666667
"548",4586.6,39.9,0.7808,215,0,0.0666666666666667
"549",2421.4,37.9,0.83072,205,1,0.105263157894737
"550",3730.5,40.5,1.07008,275,1,0.105263157894737
"551",3628.1,43.1,1.11189,240,1,0.142857142857143
"552",3088.1,42.9,1.29792,265,1,0
"553",5003.7,49.8,0.69888,265,1,0
"554",5432.2,38.1,1.39093,305,0,0.230769230769231
"555",4395.6,44.2,0.8448,215,0,0.0952380952380952
"556",7906.2,36.1,0.6848,320,0,0.0588235294117647
"557",4529.5,39.9,0.8832,275,0,0.157894736842105
"558",6109,38.9,0.9216,370,1,0.0833333333333333
"559",3723.9,43.9,1.1392,170,1,0
"560",2894.6,42.1,1.00864,215,1,0.1
"561",3539.4,41.1,1.07008,240,1,0
"562",2769.2,38.3,1.2416,165,1,0
"563",4445.3,52.6,1.19424,160,1,0
"564",527.6,42.6,1.23733,240,1,0
"565",2272.3,44.2,1.09824,170,1,0.105263157894737
"566",2544.9,40,1.04533,315,1,0
"567",3720.3,40.4,0.96,200,1,0.136363636363636
"568",1561.5,45.1,0.74496,360,1,0
"569",860,40,0.42688,160,1,0
"570",7358.2,37.7,0.75776,100,0,0
"571",9415.1,38.2,0.76544,60,0,0
"572",9142.2,39.1,0.73643,70,1,0
"573",10275.2,38.3,0.58176,100,0,0
"574",10213.9,37.3,0.78592,145,0,0
"575",10722.7,37.1,0.59264,110,0,0
"576",7219.1,34.8,0.68864,25,0,0
"577",10764.4,38.8,0.75264,95,1,0.0454545454545455
"578",1305.7,38.5,0.72064,120,1,0
"579",2193,40.4,0.5696,105,1,0
"580",6292.5,39.9,0.832,170,1,0
"581",6058.1,42.8,0.86784,140,0,0
"582",4450.6,44.6,0.912,120,1,0
"583",7715,63.4,0.416,100,1,0
"584",5146.9,38.1,0.89856,150,1,0
"585",7587.4,42.5,0.76544,205,1,0
"586",8282.2,43,0.94464,145,1,0.136363636363636
"587",459.3,49.1,0.89216,120,1,0.166666666666667
"588",3736.3,46.6,1.02016,120,1,0
"589",11623,40.4,0.43648,145,1,0
"590",5383.2,43.2,0.76032,115,0,0
"591",5130.9,41.1,0.77312,160,1,0.0606060606060606
"592",5618.8,41.3,0.78848,170,1,0
"593",5896.6,41.1,0.81152,135,1,0
"594",6247.7,42.9,0.74496,200,0,0
"595",6129,41.1,0.81664,105,0,0
"596",5190.6,45.5,0.77248,155,0,0
"597",7775.8,44.4,0.73344,260,0,0.0392156862745098
"598",6103.7,43.2,0.69803,60,0,0
"599",3841.2,44.3,0.90112,115,0,0.111111111111111
"600",8366.8,43.9,0.63744,50,0,0
"601",6225.3,40.7,0.69504,360,0,0.0357142857142857
"602",14332.7,37.2,0.64128,170,0,0.05
"603",10631.6,38.1,0.5152,55,0,0
"604",6102.2,39,0.72448,110,1,0
"605",7894.7,40,0.63232,135,1,0
"606",7306,40.2,0.832,125,0,0
"607",20659.7,39.8,0.49984,285,1,0
"608",5573.3,41.1,0.73984,75,0,0
"609",7824.7,43.1,0.51776,75,0,0.105263157894737
"610",7029.6,41.8,0.74496,105,0,0
"611",7282.3,42.4,0.59072,100,1,0
"612",4543.9,40.8,0.80256,95,0,0
"613",7442.2,41.5,0.64128,70,1,0
"614",6811.6,42.5,0.60032,85,1,0.0740740740740741
"615",7907.5,42.1,0.67648,70,1,0
"616",7864.5,41.1,0.70144,110,0,0.0769230769230769
"617",3289.1,51.2,0.71936,85,1,0
"618",6423.6,42.9,0.73728,125,1,0
"619",6120.7,42.4,0.65109,100,1,0.0833333333333333
"620",4692.5,39.7,0.78848,125,1,0.0625
"621",6649.4,44.4,0.77568,85,1,0
"622",6063.7,40.9,0.79616,130,1,0.0740740740740741
"623",4946.4,44.3,0.68992,95,1,0
"624",3886.8,42.7,0.68864,160,1,0
"625",1492,37.6,0.672,70,1,0
"626",9565.2,42,0.20704,30,0,0
"627",4914.8,35,0.47403,60,1,0
"628",6535.8,41.3,0.66304,110,0,0.0967741935483871
"629",7518.5,40.4,0.73088,95,0,0
"630",5621.8,42.3,0.63616,80,0,0
"631",5629.8,44.7,0.6912,140,0,0
"632",6354.2,48.3,0.66816,155,0,0
"633",4876.3,44.3,0.68608,130,0,0
"634",7007.7,41.2,0.57472,100,0,0
"635",6496.1,44.3,0.66944,90,1,0
"636",9736.8,43,0.3968,125,1,0.0526315789473684
"637",6424.8,41.5,0.6464,90,1,0
"638",5765.8,42.2,0.77568,65,1,0.0666666666666667
"639",20843.4,40.6,0.5952,130,0,0
"640",5334,43.7,0.71424,110,1,0.0714285714285714
"641",2440.5,40.5,0.37547,70,1,0.125
"642",2812.7,38.6,0.73984,180,1,0.0769230769230769
"643",4858.1,37.5,0.57557,225,1,0.103448275862069
"644",7168.5,40.6,0.69888,230,1,0.107142857142857
"645",5917.8,39.8,0.95616,260,1,0.181818181818182
"646",6122.4,41.8,0.84736,165,1,0.173913043478261
"647",4955.3,42,0.70827,105,1,0
"648",6620.5,39.9,0.80384,100,1,0
"649",5618.5,39.3,0.7296,155,1,0.192307692307692
"650",8111.8,36.7,0.7424,245,0,0
"651",6807.9,39.1,0.88832,125,1,0.238095238095238
"652",7434.1,40.3,0.8832,100,0,0.111111111111111
"653",7317.9,37.8,0.62336,135,0,0.115384615384615
"654",2849.8,38.7,0.78507,105,1,0
"655",6928.6,42.5,0.78208,130,1,0.0869565217391304
"656",5743.5,44,0.76288,85,0,0
"657",4621.5,43,0.55808,100,0,0.0869565217391304
"658",1263.1,43.3,0.63744,85,1,0
"659",1600.7,39.3,0.72192,170,1,0.0571428571428571
"660",4570.6,45.1,0.51243,110,1,0
"661",6782.5,46.6,0.57728,105,1,0
"662",4175.1,42.3,0.65451,115,1,0
"663",5785.9,39.3,0.69248,125,1,0.0555555555555556
"664",6148.6,41.4,0.81067,140,1,0.0571428571428571
"665",7390.8,40,0.76672,80,1,0
"666",8731.7,38.2,0.67328,65,1,0
"667",11698.6,43,0.4416,225,0,0
"668",4805.1,40.7,0.6912,135,1,0
"669",6632.5,40.2,0.6336,85,0,0
"670",9420.3,41.5,0.68096,165,0,0.0681818181818182
"671",8021.1,40.7,0.74752,135,0,0
"672",6438.6,39.2,0.608,70,0,0
"673",10000,40.2,0.62208,90,1,0
"674",11036.1,41.6,0.68181,85,0,0
"675",7631.1,38.3,0.54485,100,0,0
"676",9901.6,38.8,0.592,60,0,0
"677",34666.7,32.1,0.51072,280,1,0
"678",7837.8,39,0.58752,100,1,0
"679",8589.7,38.5,0.57643,145,1,0
"680",6993.4,42.1,0.624,105,1,0
"681",7167.7,44.7,0.36992,85,0,0
"682",8060.7,41.7,0.69184,190,1,0
"683",7567.3,41.6,0.67328,165,0,0
"684",6453,41.2,0.72256,165,1,0
"685",4482.3,41.2,0.7296,165,0,0.0588235294117647
"686",5858.9,43.3,0.84736,175,1,0
"687",2014.4,41.1,0.69632,120,1,0.0571428571428571
"688",8652.7,41.1,0.59776,210,1,0.0512820512820513
"689",4180.3,44.2,0.6784,125,1,0.105263157894737
"690",6233.5,42.2,0.62848,105,0,0
"691",8054.8,40.8,0.7168,90,1,0
"692",9505.2,38.2,0.6656,150,0,0
"693",5945.6,42.6,0.66816,80,0,0
"694",4164.9,41.5,0.73728,85,0,0
"695",8467.7,51.7,0.27136,120,0,0
"696",2379,37.8,0.8064,505,1,0.0326086956521739
"697",1652.2,42.9,0.91008,310,1,0
"698",4925.4,53.4,0.77483,170,1,0
"699",8345.7,40.6,0.66901,210,1,0
"700",4942.2,41.5,0.61504,385,1,0.0444444444444444
"701",5591.1,44.3,0.72533,125,0,0
"702",4654.1,40.6,0.83584,60,1,0.0869565217391304
"703",4630.4,43.1,0.89856,45,1,0
"704",7020,40.9,0.75648,50,1,0
"705",6599.8,41.1,0.7808,165,1,0.0714285714285714
"706",8092.6,41.8,0.66816,90,1,0.05
"707",8072.6,39.9,0.73344,100,1,0
"708",5053.8,40.9,0.85376,85,1,0
"709",3937.3,44.1,1.04192,110,1,0
"710",2238.7,45.2,0.85504,60,1,0
"711",5423.5,35.8,0.6784,150,1,0
"712",8857.1,39.8,0.8064,65,0,0
"713",10737.8,38.9,0.65536,115,0,0.0625
"714",8650.5,41.2,0.63872,155,0,0
"715",5787.7,41,0.7296,115,1,0.0555555555555556
"716",8305.9,39.5,0.48896,85,0,0.0810810810810811
"717",10128.7,39.7,0.65024,185,0,0.0638297872340425
"718",11376.6,47.2,0.83968,85,0,0
"719",7979.5,40.2,0.69248,110,1,0
"720",6795,39.2,0.70315,95,0,0
"721",9699.4,38.1,0.71936,130,0,0
"722",7258.3,42.3,0.68864,120,0,0.0666666666666667
"723",7464.3,40.8,0.69547,145,1,0.0714285714285714
"724",1201,36,0.48384,390,1,0.0666666666666667
"725",2975.5,38,0.57728,120,1,0
"726",16198.8,40,0.69291,275,0,0.0645161290322581
"727",18882.4,40.9,0.61792,180,0,0.15
"728",11306.2,45.4,0.96939,700,1,0.0933333333333333
"729",10393,43.1,0.8576,365,1,0.162162162162162
"730",16183.8,39,0.54464,300,1,0.09375
"731",15258.3,38.8,0.46025,415,1,0.0980392156862745
"732",18274.6,35.8,0.53568,550,1,0.0806451612903226
"733",18587.9,38,0.54272,285,0,0.116279069767442
"734",10324.3,38.2,0.59904,305,1,0.0810810810810811
"735",13750,41.4,0.55104,225,1,0
"736",10394.7,42.4,0.576,420,1,0.0909090909090909
"737",15146.4,42,1.10848,410,1,0.0909090909090909
"738",15197.6,43.9,0.87296,235,1,0.0666666666666667
"739",17708.3,38.9,0.95744,325,1,0.119047619047619
"740",8663.7,40.7,0.89549,345,1,0.157894736842105
"741",8068.8,37.1,0.89993,4700,1,0.0742753623188406
"742",5864.6,41.8,0.59008,285,1,0.0666666666666667
"743",7030.1,47.7,0.74368,370,1,0.0882352941176471
"744",15641.5,43,0.60416,435,1,0.148148148148148
"745",11139.1,45.5,0.64256,425,1,0.0526315789473684
"746",6073.2,37.2,0.67712,215,1,0.111111111111111
"747",8661.8,37.8,1.01888,145,1,0.214285714285714
"748",8646.6,36.3,0.76032,290,1,0.13953488372093
"749",9008.7,39.1,0.71526,415,1,0.156862745098039
"750",8861.8,41.1,0.54976,335,1,0.170731707317073
"751",10263.2,38.9,0.54592,335,1,0.178571428571429
"752",12988.2,38.1,0.68352,275,1,0.176470588235294
"753",17027,37.7,0.60032,280,1,0.184210526315789
"754",5195.6,39.3,0.42624,230,0,0.233333333333333
"755",16074.7,38.1,0.704,800,1,0.12280701754386
"756",16104.3,42,0.49984,255,1,0.111111111111111
"757",9864.4,37.2,0.86443,530,1,0.111111111111111
"758",3634.2,36.4,1.31072,255,1,0
"759",36655.5,44.3,0.75179,445,1,0.0512820512820513
"760",11041.7,43.5,0.5536,330,1,0.116666666666667
"761",37874.4,41.8,0.65719,395,1,0.0338983050847458
"762",640.9,48.3,0.12704,50,1,0
"763",30469.8,38.6,0.17072,15,0,0
"764",10369.4,43.3,0.13592,90,1,0.238095238095238
"765",8287.9,51.8,0.24384,90,1,0.08
"766",8514.3,45,0.34389,120,0,0.357142857142857
"767",6939.7,43.4,0.78464,185,1,0.0952380952380952
"768",14476,36,0.2208,30,1,0.166666666666667
"769",2392.7,40.5,0.70912,150,1,0.181818181818182
"770",3130.9,39.6,0.52736,200,1,0.142857142857143
"771",9893.6,36.7,0.66389,185,1,0.181818181818182
"772",18278.1,49.2,0.2528,120,0,0.166666666666667
"773",13551,35.1,0.46848,245,1,0.294117647058824
"774",17336.7,39.1,0.46848,100,0,0.133333333333333
"775",18275.9,39.6,0.41771,140,0,0.142857142857143
"776",15372.7,35.1,0.43392,110,0,0.19047619047619
"777",734,42.1,0.19488,70,1,0.148148148148148
"778",7333.3,39.7,0.48,130,1,0.131578947368421
"779",16014,41.4,0.43349,160,1,0.138888888888889
"780",4473.7,38.3,0.68352,115,1,0.142857142857143
"781",9562.4,40.4,0.43392,125,1,0.105263157894737
"782",17230.2,37.6,0.48256,105,0,0.153846153846154
"783",18526.3,41.6,0.43456,95,0,0.111111111111111
"784",13201.3,42.2,0.36992,140,1,0.0909090909090909
"785",15261.2,39.6,0.42464,105,0,0.0666666666666667
"786",16578.2,42.4,0.47488,195,1,0.111111111111111
"787",11985.1,45.9,0.61248,195,1,0.137931034482759
"788",2420,42.2,0.44928,175,1,0
"789",6726.8,43.3,0.53632,140,1,0.151515151515152
"790",5076.3,40.8,0.896,150,1,0.227272727272727
"791",5529.7,43,0.75008,105,0,0.24
"792",5101.8,43.1,0.97536,125,0,0
"793",4443.6,42,0.74496,155,1,0
"794",2898.3,40.5,0.87467,155,1,0.1
"795",562.9,41.8,0.67584,170,1,0.04
"796",6089.8,40.9,0.67925,235,1,0.0851063829787234
"797",4727.3,43.8,0.8576,115,1,0.1
"798",4933.6,41.5,0.69376,110,1,0.107142857142857
"799",10653.6,39.5,0.50048,115,0,0.157894736842105
"800",5678.7,40.1,0.65792,95,0,0
"801",8100.1,41.5,0.6368,130,0,0.166666666666667
"802",5131,41.5,0.63616,110,1,0.0975609756097561
"803",3748,39.8,0.70784,215,1,0.241379310344828
"804",5687.4,42.8,0.73984,115,1,0.0540540540540541
"805",5017.3,42.1,0.76459,100,1,0.08
"806",5979.2,42.1,0.80768,130,1,0.130434782608696
"807",6641.1,41.2,0.69888,90,1,0.0769230769230769
"808",6534.5,45.6,0.56704,120,1,0.0909090909090909
"809",7295.6,39.8,0.66901,85,1,0.125
"810",4493.8,38.8,0.65877,130,1,0
"811",8546.1,36.4,0.80512,180,0,0.172413793103448
"812",2718.4,37.9,0.63744,195,1,0.206896551724138
"813",54195.4,34.8,0.6752,595,1,0.0277777777777778
"814",1846.3,39.6,1.28768,205,1,0.147058823529412
"815",542.4,43,0.89344,225,1,0
"816",3290.4,41.7,1.0624,215,1,0
"817",5061.8,40.5,1.04192,245,0,0.0689655172413793
"818",1212.1,43.4,1.48992,190,1,0.166666666666667
"819",1680.7,39.7,0.98432,160,1,0.285714285714286
"820",3150.3,40.3,0.89216,285,1,0.1
"821",5943.5,42.9,0.99072,250,1,0.2
"822",6469.9,42,0.90368,370,1,0.0810810810810811
"823",6740.8,39.6,0.68352,230,1,0.0909090909090909
"824",15454.5,36.9,0.58752,255,1,0.172413793103448
"825",898.2,54.9,0.4544,225,1,0
"826",13384.4,47.4,0.49984,330,1,0
"827",1615,48,0.92416,70,1,0
"828",5342.6,42.1,0.80213,140,1,0
"829",5381.7,43.1,0.9472,190,1,0.1
"830",3474.2,40.2,0.63872,280,1,0
"831",4107.5,45.9,0.72192,240,1,0.0833333333333333
"832",4652.6,43.8,0.75008,165,1,0
"833",2997.6,43.9,0.9664,100,1,0.117647058823529
"834",5475.1,41.9,0.7872,165,0,0
"835",3430,41.6,0.80896,115,1,0
"836",5124.9,43,0.78848,160,1,0
"837",5718.1,41.5,0.68864,185,1,0
"838",6542.6,40.3,0.56917,270,1,0
"839",15384.6,43.3,0.38571,205,0,0.0555555555555556
"840",6471.2,41.7,0.5952,170,1,0
"841",8019.8,42.5,0.55232,215,1,0.0740740740740741
"842",8464.6,40.8,0.49408,140,1,0
"843",4894,43.2,0.90368,180,1,0
"844",6776,38.5,0.79744,190,0,0.0645161290322581
"845",7706.2,40.8,0.57216,90,0,0
"846",4301.7,42.9,0.61056,75,0,0
"847",5899.2,40.5,0.5408,85,0,0
"848",7320.3,45.4,0.62592,55,0,0
"849",7629.8,42.2,0.69504,85,0,0
"850",6801.9,40.4,0.78592,25,0,0
"851",6833.3,44.8,0.73472,160,0,0
"852",8584,42.4,0.58368,100,1,0
"853",7801.9,44.8,0.64896,100,1,0
"854",8213.5,43.4,0.64896,105,0,0
"855",6728,42.2,0.52672,125,0,0
"856",7140,39.2,0.32896,60,1,0
"857",6111.1,41.5,0.73984,80,1,0.0869565217391304
"858",6534.7,42.3,0.63104,115,1,0
"859",4079.7,55.9,0.64576,115,1,0
"860",6540.8,45,0.69888,95,0,0
"861",11057.3,41.9,0.59264,145,0,0.0555555555555556
"862",7149.5,40.6,0.62848,115,1,0
"863",7651.3,43.4,0.60032,95,1,0
"864",7027.4,41.4,0.5248,85,1,0.105263157894737
"865",7457,42.4,0.66901,50,1,0
"866",9868.4,41.3,0.77568,100,1,0
"867",7726.6,42.9,0.62336,75,1,0
"868",8604.7,41.5,0.576,115,1,0
"869",7789.4,40.7,0.5664,90,1,0.0714285714285714
"870",6256.6,39.7,0.63403,225,1,0.05
"871",5722.2,42.9,0.70656,70,1,0
"872",7575.1,38.2,0.57728,155,1,0.075
"873",35103.7,41.8,0.47616,375,0,0.106060606060606
"874",35983.9,39.4,0.51072,350,0,0.0806451612903226
"875",31764.7,42.7,0.53504,510,1,0.107692307692308
"876",35110.4,42.4,0.45696,435,1,0.105263157894737
"877",22630.7,50.5,0.60128,710,1,0.0909090909090909
"878",18970,41.8,0.48128,355,1,0.0895522388059701
"879",25150.2,36.3,0.65728,995,1,0.0234375
"880",2335.7,37,0.5696,300,1,0
"881",54823.5,41.4,0.6208,445,1,0.0555555555555556
"882",31356.9,44.5,0.66688,545,1,0.0833333333333333
"883",11001.4,45.6,1.02485,320,0,0
"884",41708.9,44.6,0.93952,680,1,0.0447761194029851
"885",26626.5,38.3,0.97024,290,1,0
"886",27558.1,39.4,0.86272,270,1,0
"887",56832.3,42.2,0.80128,460,1,0.06
"888",26819.9,37.1,0.6144,295,1,0
"889",44444.4,36.9,0.61952,175,1,0
"890",29467.5,42,0.77483,615,1,0.0307692307692308
"891",70337.1,37.7,0.58688,300,0,0.0689655172413793
"892",55570.5,39.5,0.7232,430,0,0.0377358490566038
"893",62371.1,39.8,0.64043,280,0,0
"894",9894.7,39.5,0.61355,335,1,0.0512820512820513
"895",11857.1,40.1,0.76928,360,1,0.03125
"896",18911.4,42.8,0.608,410,1,0.046875
"897",2665.5,38.4,1.01632,150,1,0.105263157894737
"898",9044.8,45.2,0.50688,160,1,0
"899",68363.6,39.8,0.5472,320,1,0
"900",11828.9,33.6,0.52864,195,0,0
"901",7145.4,49.2,0.67669,205,0,0
"902",5789.5,39.7,0.75008,95,0,0.0909090909090909
"903",3816.8,42.2,0.44288,245,1,0.0925925925925926
"904",17879.7,44.2,0.40149,230,0,0.0714285714285714
"905",7385.5,44.7,0.9344,195,1,0
"906",3221,44.4,0.71424,170,1,0.216216216216216
"907",27108.4,50.8,0.27328,110,1,0
"908",22814.8,43.3,0.32512,250,1,0.0344827586206897
"909",21804.1,51.4,0.19008,60,0,0.08
"910",29056.6,42.5,0.2032,250,1,0.222222222222222
"911",27601,48.5,0.33344,290,1,0.0384615384615385
"912",19664.6,41.5,0.30016,570,1,0.0714285714285714
"913",5721,48.5,0.17261,150,1,0.147058823529412
"914",297.9,47.1,0.58816,535,1,0.104477611940299
"915",49539.5,42,0.53184,355,1,0.0701754385964912
"916",28048.8,48.3,0.48256,365,1,0.130434782608696
"917",28536.6,46.4,0.46549,430,0,0.114754098360656
"918",24659.1,43.2,0.48256,215,0,0.148148148148148
"919",22623.4,43.8,0.52128,355,1,0.129032258064516
"920",23018.9,38.9,0.44672,155,1,0
"921",30000,58.1,0.33728,130,1,0
"922",41964.3,40.9,0.54699,315,1,0.0357142857142857
"923",26687.9,36.3,0.47232,230,1,0.0714285714285714
"924",41062.5,40.6,0.48341,330,0,0.150943396226415
"925",37374.3,40.1,0.62976,255,0,0.0425531914893617
"926",35838.2,39.7,0.55808,265,1,0.04
"927",41073.4,36.8,0.45696,305,0,0.0701754385964912
"928",26838.7,42.4,0.57984,390,1,0.0833333333333333
"929",26753.2,38.1,0.50048,170,0,0.0789473684210526
"930",34712.6,43.2,0.40064,260,1,0.15
"931",9612.2,42.6,0.35136,250,1,0.13953488372093
"932",29725.5,46.3,0.2848,255,1,0.0697674418604651
"933",40588.2,37.8,0.57088,500,1,0.0897435897435897
"934",14087.5,36.7,0.46464,370,1,0
"935",34080.6,38.7,0.60698,665,1,0.0404040404040404
"936",11308.8,38,0.54016,320,1,0.0416666666666667
"937",32088.6,59.3,0.92928,300,1,0
"938",3564.4,49.3,0.77312,375,1,0.157894736842105
"939",8714.7,46,1.00096,285,1,0.0526315789473684
"940",19650.9,54.2,0.6432,265,1,0.105263157894737
"941",2763.3,47.7,0.79275,310,1,0.0588235294117647
"942",16738.4,49.8,1.02912,250,1,0
"943",6475.9,51.7,0.4256,195,1,0
"944",18450.3,49.8,0.80064,675,1,0.0909090909090909
"945",4734.2,44.4,1.03424,50,0,0
"946",4153.5,45.3,0.90752,120,0,0
"947",4385.5,43,0.83712,45,0,0
"948",5057.2,42.9,0.70592,105,1,0
"949",5371.8,43.1,0.90496,130,0,0
"950",7495.4,38.1,0.7424,40,1,0
"951",7096.5,42.5,0.74752,130,1,0
"952",2945.4,41.1,0.9984,140,1,0
"953",1509.9,41.8,0.98048,180,1,0
"954",5685.4,40.5,0.7104,50,1,0
"955",7529.9,41.3,0.66816,100,1,0.0555555555555556
"956",6845.6,39.7,0.896,125,1,0.0909090909090909
"957",5815.5,40.5,0.71168,190,1,0.0689655172413793
"958",6075.4,41.7,0.68864,105,1,0.125
"959",6499.6,47.8,0.65152,160,1,0
"960",4985.6,38.7,0.66816,115,0,0.12
"961",7642.5,40.5,0.54272,130,0,0
"962",35113.8,38.3,0.56256,1100,1,0.0179640718562874
"963",5332.4,52.4,1.3568,185,1,0
"964",17036.7,45.6,0.91008,2010,1,0.0257731958762887
"965",17344.6,45.3,0.56,90,1,0.15
"966",13555.6,44.8,0.512,80,0,0.153846153846154
"967",13745.3,43.5,0.51072,190,1,0.153846153846154
"968",15296.8,47,0.25696,525,1,0.0704225352112676
"969",42626.3,35.5,0.76,1315,1,0.031055900621118
"970",7322.9,37.4,0.67913,1490,1,0.0119047619047619
"971",40977.6,38.2,0.65451,930,1,0.0283687943262411
"972",26991.9,38.1,0.46976,610,0,0.0416666666666667
"973",24109.2,45.7,0.49024,320,1,0.0454545454545455
"974",23821.7,35.8,0.5952,210,0,0
"975",24303,39,0.5504,370,1,0.0746268656716418
"976",18375.4,39.9,0.57664,225,1,0.146341463414634
"977",19875,40.6,0.42752,455,1,0.0506329113924051
"978",24195.4,50.4,0.74837,665,1,0.0384615384615385
"979",15446.1,44.8,0.85952,655,1,0.032258064516129
"980",22169.8,47.3,0.80128,505,1,0.0476190476190476
"981",14073,40.5,0.79232,290,1,0.142857142857143
"982",19340.7,42,0.84992,445,0,0
"983",10136.4,38.8,0.78592,550,1,0.0833333333333333
"984",22750.9,44.8,0.68608,370,1,0
"985",2747.6,41.9,0.82688,85,1,0
"986",61307.7,35.6,0.72192,400,0,0.0491803278688525
"987",7260.9,46.8,0.98816,455,1,0
"988",4425.6,36.2,0.80811,985,1,0
"989",16438.6,35.5,0.72082,2305,1,0.0536277602523659
"990",36598.2,41.1,0.9792,480,1,0.0434782608695652
"991",17697.8,36.5,0.73933,740,1,0.0294117647058824
